nCPUs,expN,Execution Time
1.0,0,4.7358739376068115
0.75,0,2.1438982486724854
0.5,0,11.3094482421875
